Nombre de la imagen,URL de la Imagen
RECH GAMER,assets/images/Rech-Logo-01.png
RECH GAMER,assets/images/Rech-Logo-01.png
RECH GAMER,assets/images/Rech-Logo-01.png
RECH GAMER,assets/images/Rech-Logo-01.png
Sin nombre,img/pc4.gif
Sin nombre,img/pc4.gif
Sin nombre,img/pc4.gif
Sin nombre,img/pc5.gif
Sin nombre,img/spin.svg
Sin nombre,img/spin.svg
Sin nombre,//intech.com.gt/sU/files/banner/67abcfdcaab38.jpg
Sin nombre,//intech.com.gt/sU/files/banner/67abcfdcaab38.jpg
Sin nombre,//intech.com.gt/sU/files/banner/67abcfe65f163.jpg
product,//intech.com.gt/sU/files/articulos/67bcfe785c341.jpg
product,//intech.com.gt/sU/files/articulos/67bcfe785c341.jpg
product,//intech.com.gt/sU/files/articulos/67bcfe785c341.jpg
product,//intech.com.gt/sU/files/articulos/67bcfe785c341.jpg
product,//intech.com.gt/sU/files/articulos/67b8eb9b7396d.jpg
product,//intech.com.gt/sU/files/articulos/67bcfffc3c151.jpg
product,//intech.com.gt/sU/files/articulos/679932d585965.jpg
product,//intech.com.gt/sU/files/articulos/679932e15f4bf.jpg
product,//intech.com.gt/sU/files/articulos/1741023805.jpeg
product,//intech.com.gt/sU/files/articulos/67c8a95226f61.jpeg
product,//intech.com.gt/sU/files/articulos/67b8eb8f65f4a.jpg
product,//intech.com.gt/sU/files/articulos/6799329f32a6c.jpg
product,//intech.com.gt/sU/files/articulos/67bcfff26e9cb.jpg
product,//intech.com.gt/sU/files/articulos/67bcfd7bbffae.jpg
product,//intech.com.gt/sU/files/articulos/1741023885.jpeg
product,//intech.com.gt/sU/files/articulos/67b8ebbdb8927.jpg
product,//intech.com.gt/sU/files/articulos/67b8eb18c9230.jpg
product,//intech.com.gt/sU/files/articulos/67aaa0ea5824b.jpg
product,//intech.com.gt/sU/files/articulos/67bcfe6d6c8ab.jpg
product,//intech.com.gt/sU/files/articulos/67aaa165a98f7.jpg
product,//intech.com.gt/sU/files/articulos/67bf525b3e532.jpg
product,//intech.com.gt/sU/files/articulos/67bcffb16d20e.jpg
product,//intech.com.gt/sU/files/articulos/67bcff8fb48af.jpg
product,//intech.com.gt/sU/files/articulos/67aaa03fa85c7.jpg
product,//intech.com.gt/sU/files/articulos/67bcfcb6e4d7b.jpg
product,//intech.com.gt/sU/files/articulos/67bcff84a770f.jpg
product,//intech.com.gt/sU/files/articulos/67bcffe45d5ac.jpg
product,//intech.com.gt/sU/files/articulos/67bcfc9267058.jpg
product,//intech.com.gt/sU/files/articulos/67bcfe61e57e5.jpg
product,//intech.com.gt/sU/files/articulos/67bcff53eadd3.jpg
product,//intech.com.gt/sU/files/articulos/67b8e9d5ed8f5.jpg
product,//intech.com.gt/sU/files/articulos/67bcfe9adf6a1.jpg
product,//intech.com.gt/sU/files/articulos/67bcfe1f7334a.jpg
product,//intech.com.gt/sU/files/articulos/67bcfebac2db8.jpg
product,//intech.com.gt/sU/files/articulos/67bcffd9ac09c.jpg
product,//intech.com.gt/sU/files/articulos/67bcff6441bc8.jpg
product,//intech.com.gt/sU/files/articulos/67bcfed4d7708.jpg
product,//intech.com.gt/sU/files/articulos/67bcfe8f1e210.jpg
product,//intech.com.gt/sU/files/articulos/67bcfcc489c92.jpg
product,//intech.com.gt/sU/files/articulos/67bcfee14f3be.jpg
product,//intech.com.gt/sU/files/articulos/67bf52754e3f6.jpg
product,//intech.com.gt/sU/files/articulos/67bcfcd8cf5a2.jpg
product,//intech.com.gt/sU/files/articulos/67bcfd06dfb41.jpg
product,//intech.com.gt/sU/files/articulos/67bcfeb0c01fb.jpg
product,//intech.com.gt/sU/files/articulos/67bcfcfd751b1.jpg
product,//intech.com.gt/sU/files/articulos/67bcfef200e37.jpg
product,//intech.com.gt/sU/files/articulos/67bcfd64e0760.jpg
product,//intech.com.gt/sU/files/articulos/67bcfca02b206.jpg
product,//intech.com.gt/sU/files/articulos/67bcfe3d21c6a.jpg
product,//intech.com.gt/sU/files/articulos/67bcfd1a6d71e.jpg
product,//intech.com.gt/sU/files/articulos/67bcfd337eb37.jpg
product,//intech.com.gt/sU/files/articulos/67bcfd4dc0acf.jpg
product,//intech.com.gt/sU/files/articulos/67bcfea5b3b3b.jpg
product,//intech.com.gt/sU/files/articulos/67bcff0abd302.jpg
product,//intech.com.gt/sU/files/articulos/67bcff71b3a02.jpg
product,//intech.com.gt/sU/files/articulos/67bcfd702ab60.jpg
product,//intech.com.gt/sU/files/articulos/67bcff15252f7.jpg
product,//intech.com.gt/sU/files/articulos/67bcfcf31f457.jpg
product,//intech.com.gt/sU/files/articulos/67bcfe498ec38.jpg
product,//intech.com.gt/sU/files/articulos/67bcfd274cd9e.jpg
product,//intech.com.gt/sU/files/articulos/67bcfd5a2a161.jpg
product,//intech.com.gt/sU/files/articulos/67bcfe312b54b.jpg
product,//intech.com.gt/sU/files/articulos/67bcffcfe172a.jpg
product,//intech.com.gt/sU/files/articulos/67abb7143f762.jpg
product,//intech.com.gt/sU/files/articulos/67bcfec4d686b.jpg
product,//intech.com.gt/sU/files/articulos/67bcffc66d31c.jpg
product,//intech.com.gt/sU/files/articulos/67abb72021a72.jpg
product,//intech.com.gt/sU/files/articulos/67aaa06c9d4e1.jpg
product,//intech.com.gt/sU/files/articulos/67aaa09d48d1a.jpg
product,//intech.com.gt/sU/files/articulos/1731346346.jpg
product,http://intech.com.gt/sU/files/articulos/1731554261.png
product,http://intech.com.gt/sU/files/articulos/1731554261.png
product,http://intech.com.gt/sU/files/articulos/1731554261.png
product,http://intech.com.gt/sU/files/articulos/1731554261.png
product,http://intech.com.gt/sU/files/articulos/1736967979.png
product,http://intech.com.gt/sU/files/articulos/1739830549.png
product,http://intech.com.gt/sU/files/articulos/1737229239.png
product,http://intech.com.gt/sU/files/articulos/1739830977.png
product,http://intech.com.gt/sU/files/articulos/1737228185.png
product,http://intech.com.gt/sU/files/articulos/1731545869.png
product,http://intech.com.gt/sU/files/articulos/1716578758.png
product,http://intech.com.gt/sU/files/articulos/1737224690.png
product,http://intech.com.gt/sU/files/articulos/1727929057.png
product,http://intech.com.gt/sU/files/articulos/1737227797.png
product,http://intech.com.gt/sU/files/articulos/1727904279.png
product,http://intech.com.gt/sU/files/articulos/1727904279.png
product,http://intech.com.gt/sU/files/articulos/1727904279.png
product,http://intech.com.gt/sU/files/articulos/1727904279.png
product,http://intech.com.gt/sU/files/articulos/1737410001.png
product,http://intech.com.gt/sU/files/articulos/1720743356.png
product,http://intech.com.gt/sU/files/articulos/1720743234.png
product,http://intech.com.gt/sU/files/articulos/1737497989.png
product,http://intech.com.gt/sU/files/articulos/1737423867.png
product,http://intech.com.gt/sU/files/articulos/1722363701.png
product,http://intech.com.gt/sU/files/articulos/1731540503.png
product,http://intech.com.gt/sU/files/articulos/1727927447.png
product,http://intech.com.gt/sU/files/articulos/1739827705.png
product,http://intech.com.gt/sU/files/articulos/1739828802.png
product,http://intech.com.gt/sU/files/articulos/1731540763.png
product,http://intech.com.gt/sU/files/articulos/1722363983.png
product,http://intech.com.gt/sU/files/articulos/1722892368.png
product,http://intech.com.gt/sU/files/articulos/1712956485.png
product,http://intech.com.gt/sU/files/articulos/1739826464.png
product,http://intech.com.gt/sU/files/articulos/1713312485.png
product,http://intech.com.gt/sU/files/articulos/1731541053.png
product,http://intech.com.gt/sU/files/articulos/1716571646.png
product,http://intech.com.gt/sU/files/articulos/1740501151.png
product,http://intech.com.gt/sU/files/articulos/1740501151.png
product,http://intech.com.gt/sU/files/articulos/1740501151.png
product,http://intech.com.gt/sU/files/articulos/1740501151.png
product,http://intech.com.gt/sU/files/articulos/1737569079.png
product,http://intech.com.gt/sU/files/articulos/1739834266.png
product,http://intech.com.gt/sU/files/articulos/1740161093.png
product,http://intech.com.gt/sU/files/articulos/1718730199.png
product,http://intech.com.gt/sU/files/articulos/1731541382.png
product,http://intech.com.gt/sU/files/articulos/1727904034.png
product,http://intech.com.gt/sU/files/articulos/1709664085.jpg
product,http://intech.com.gt/sU/files/articulos/1737406217.png
product,http://intech.com.gt/sU/files/articulos/1709663852.jpg
product,http://intech.com.gt/sU/files/articulos/1709664410.jpg
product,http://intech.com.gt/sU/files/articulos/1709663574.jpg
product,http://intech.com.gt/sU/files/articulos/1737571231.png
product,http://intech.com.gt/sU/files/articulos/1709664571.jpg
product,http://intech.com.gt/sU/files/articulos/1717782864.png
product,http://intech.com.gt/sU/files/articulos/1727903971.png
product,http://intech.com.gt/sU/files/articulos/1720743882.png
product,http://intech.com.gt/sU/files/articulos/1727976422.png
product,http://intech.com.gt/sU/files/articulos/1727976422.png
product,http://intech.com.gt/sU/files/articulos/1727976422.png
product,http://intech.com.gt/sU/files/articulos/1727976422.png
product,http://intech.com.gt/sU/files/articulos/1725828370.png
product,http://intech.com.gt/sU/files/articulos/1716572648.png
product,http://intech.com.gt/sU/files/articulos/1737572246.png
product,http://intech.com.gt/sU/files/articulos/1725828226.png
product,http://intech.com.gt/sU/files/articulos/1725828292.png
product,http://intech.com.gt/sU/files/articulos/1727903489.png
product,http://intech.com.gt/sU/files/articulos/1737404736.png
product,http://intech.com.gt/sU/files/articulos/1737405094.png
product,http://intech.com.gt/sU/files/articulos/1727929930.png
product,http://intech.com.gt/sU/files/articulos/1727929984.png
product,http://intech.com.gt/sU/files/articulos/1718039455.png
product,http://intech.com.gt/sU/files/articulos/1718039563.png
product,http://intech.com.gt/sU/files/articulos/1739818704.png
product,http://intech.com.gt/sU/files/articulos/1713306583.png
product,http://intech.com.gt/sU/files/articulos/1740604780.png
product,http://intech.com.gt/sU/files/articulos/1713306354.png
product,http://intech.com.gt/sU/files/articulos/1727903634.png
product,http://intech.com.gt/sU/files/articulos/1716573051.png
product,http://intech.com.gt/sU/files/articulos/1727903766.png
product,http://intech.com.gt/sU/files/articulos/1716576119.png
product,http://intech.com.gt/sU/files/articulos/1720744696.png
product,http://intech.com.gt/sU/files/articulos/1713307034.png
product,http://intech.com.gt/sU/files/articulos/1713805973.png
product,http://intech.com.gt/sU/files/articulos/1721862011.png
product,http://intech.com.gt/sU/files/articulos/1709657874.jpg
product,http://intech.com.gt/sU/files/articulos/1713805863.png
product,http://intech.com.gt/sU/files/articulos/1713306065.png
product,http://intech.com.gt/sU/files/articulos/1722895812.png
product,http://intech.com.gt/sU/files/articulos/1719534065.png
product,http://intech.com.gt/sU/files/articulos/1727930044.png
product,//intech.com.gt/sU/files/articulos/1721860661.png
product,//intech.com.gt/sU/files/articulos/1721860661.png
product,//intech.com.gt/sU/files/articulos/1721860661.png
product,//intech.com.gt/sU/files/articulos/1721860661.png
product,//intech.com.gt/sU/files/articulos/1721860661.png
product,//intech.com.gt/sU/files/articulos/1721860661.png
product,//intech.com.gt/sU/files/articulos/1721860661.png
product,//intech.com.gt/sU/files/articulos/1721860661.png
product,//intech.com.gt/sU/files/articulos/1719603694.png
product,//intech.com.gt/sU/files/articulos/1736788571.png
product,//intech.com.gt/sU/files/articulos/1731348448.png
product,//intech.com.gt/sU/files/articulos/1719603169.png
product,//intech.com.gt/sU/files/articulos/1719602834.png
product,//intech.com.gt/sU/files/articulos/1716598141.png
product,//intech.com.gt/sU/files/articulos/1716835737.png
product,//intech.com.gt/sU/files/articulos/1719526078.png
product,//intech.com.gt/sU/files/articulos/1725831635.png
product,//intech.com.gt/sU/files/articulos/1725827256.png
product,//intech.com.gt/sU/files/articulos/1725826739.png
product,//intech.com.gt/sU/files/articulos/1725820687.png
product,//intech.com.gt/sU/files/articulos/1727906560.png
product,//intech.com.gt/sU/files/articulos/1729183925.png
product,//intech.com.gt/sU/files/articulos/1731542726.png
product,//intech.com.gt/sU/files/articulos/1733875000.png
product,//intech.com.gt/sU/files/articulos/1733944992.png
product,//intech.com.gt/sU/files/articulos/1738017435.png
product,//intech.com.gt/sU/files/articulos/1739836601.png
product,//intech.com.gt/sU/files/articulos/1725578738.png
product,//intech.com.gt/sU/files/articulos/1725578738.png
product,//intech.com.gt/sU/files/articulos/1725578738.png
product,//intech.com.gt/sU/files/articulos/1725578738.png
product,//intech.com.gt/sU/files/articulos/1725578738.png
product,//intech.com.gt/sU/files/articulos/1725578738.png
product,//intech.com.gt/sU/files/articulos/1727906114.png
product,//intech.com.gt/sU/files/articulos/1716573497.png
product,//intech.com.gt/sU/files/articulos/1727905630.png
product,//intech.com.gt/sU/files/articulos/1725822051.png
product,//intech.com.gt/sU/files/articulos/1721155829.png
product,//intech.com.gt/sU/files/articulos/1729186913.png
product,//intech.com.gt/sU/files/articulos/1719603796.png
product,//intech.com.gt/sU/files/articulos/1716573901.png
product,//intech.com.gt/sU/files/articulos/1716591171.png
product,//intech.com.gt/sU/files/articulos/1721155609.png
product,//intech.com.gt/sU/files/articulos/1719533234.png
product,//intech.com.gt/sU/files/articulos/1727905783.png
product,//intech.com.gt/sU/files/articulos/1716591733.png
product,//intech.com.gt/sU/files/articulos/1729188310.png
product,//intech.com.gt/sU/files/articulos/1733874680.png
product,//intech.com.gt/sU/files/articulos/1719519048.png
product,//intech.com.gt/sU/files/articulos/1720742398.png
product,//intech.com.gt/sU/files/articulos/1716590867.png
product,//intech.com.gt/sU/files/articulos/1725822116.png
product,//intech.com.gt/sU/files/articulos/1716591089.png
product,//intech.com.gt/sU/files/articulos/1716591601.png
product,//intech.com.gt/sU/files/articulos/1716591850.png
product,//intech.com.gt/sU/files/articulos/1716591681.png
product,//intech.com.gt/sU/files/articulos/1716853141.png
product,//intech.com.gt/sU/files/articulos/1718039143.png
product,//intech.com.gt/sU/files/articulos/1718039259.png
product,//intech.com.gt/sU/files/articulos/1719517989.png
product,//intech.com.gt/sU/files/articulos/1719527700.png
product,//intech.com.gt/sU/files/articulos/1729704678.png
product,//intech.com.gt/sU/files/articulos/1725815037.png
product,//intech.com.gt/sU/files/articulos/1726174549.jpg
product,//intech.com.gt/sU/files/articulos/1732665734.png
product,//intech.com.gt/sU/files/articulos/1730400374.png
product,//intech.com.gt/sU/files/articulos/1733875378.png
product,//intech.com.gt/sU/files/articulos/1739927014.png
product,//intech.com.gt/sU/files/articulos/1717782272.png
product,//intech.com.gt/sU/files/articulos/1717782272.png
product,//intech.com.gt/sU/files/articulos/1717782272.png
product,//intech.com.gt/sU/files/articulos/1717782272.png
product,//intech.com.gt/sU/files/articulos/1717782272.png
product,//intech.com.gt/sU/files/articulos/1717782272.png
product,//intech.com.gt/sU/files/articulos/1729182111.png
product,//intech.com.gt/sU/files/articulos/1725827764.png
product,//intech.com.gt/sU/files/articulos/1716588935.png
product,//intech.com.gt/sU/files/articulos/1731863289.png
product,//intech.com.gt/sU/files/articulos/1732665859.png
product,//intech.com.gt/sU/files/articulos/1716588704.png
product,//intech.com.gt/sU/files/articulos/1716589373.png
product,//intech.com.gt/sU/files/articulos/1734052395.png
product,//intech.com.gt/sU/files/articulos/1719533644.png
product,//intech.com.gt/sU/files/articulos/1720742467.png
product,//intech.com.gt/sU/files/articulos/1725828572.png
product,//intech.com.gt/sU/files/articulos/1725827684.png
product,//intech.com.gt/sU/files/articulos/1727905682.png
product,//intech.com.gt/sU/files/articulos/1727905932.png
product,//intech.com.gt/sU/files/articulos/1729184038.png
product,//intech.com.gt/sU/files/articulos/1730398999.jpg
product,//intech.com.gt/sU/files/articulos/1730398893.jpg
product,//intech.com.gt/sU/files/articulos/1733875427.png
product,//intech.com.gt/sU/files/articulos/1733875057.png
product,//intech.com.gt/sU/files/articulos/1733876177.png
product,//intech.com.gt/sU/files/articulos/1737567303.png
product,//intech.com.gt/sU/files/articulos/1738016602.png
product,//intech.com.gt/sU/files/articulos/1716592205.png
product,//intech.com.gt/sU/files/articulos/1716592205.png
product,//intech.com.gt/sU/files/articulos/1716592205.png
product,//intech.com.gt/sU/files/articulos/1716592205.png
product,//intech.com.gt/sU/files/articulos/1716592205.png
product,//intech.com.gt/sU/files/articulos/1716592205.png
product,//intech.com.gt/sU/files/articulos/1716592086.png
product,//intech.com.gt/sU/files/articulos/1733874528.png
product,//intech.com.gt/sU/files/articulos/1725826236.png
product,//intech.com.gt/sU/files/articulos/1740602558.png
product,//intech.com.gt/sU/files/articulos/1727906021.png
product,//intech.com.gt/sU/files/articulos/1716592419.png
product,//intech.com.gt/sU/files/articulos/1716595910.png
product,//intech.com.gt/sU/files/articulos/1716592559.png
product,//intech.com.gt/sU/files/articulos/1730412420.png
product,//intech.com.gt/sU/files/articulos/1730412491.png
product,//intech.com.gt/sU/files/articulos/1730400062.png
product,//intech.com.gt/sU/files/articulos/1730399999.png
product,//intech.com.gt/sU/files/articulos/1730399932.png
product,//intech.com.gt/sU/files/articulos/1730399843.png
product,//intech.com.gt/sU/files/articulos/1730399775.png
product,//intech.com.gt/sU/files/articulos/1730399502.png
product,//intech.com.gt/sU/files/articulos/1730399426.png
product,//intech.com.gt/sU/files/articulos/1730399411.png
product,//intech.com.gt/sU/files/articulos/1731544785.png
product,//intech.com.gt/sU/files/articulos/1731544920.png
product,//intech.com.gt/sU/files/articulos/1733875526.png
product,//intech.com.gt/sU/files/articulos/1738017115.png
product,//intech.com.gt/sU/files/articulos/1740502226.png
product,//intech.com.gt/sU/files/articulos/1740502226.png
product,//intech.com.gt/sU/files/articulos/1740502226.png
product,//intech.com.gt/sU/files/articulos/1740502226.png
product,//intech.com.gt/sU/files/articulos/1740501151.png
product,//intech.com.gt/sU/files/articulos/1716579736.png
product,//intech.com.gt/sU/files/articulos/1708965197.png
product,//intech.com.gt/sU/files/articulos/1716579676.png
product,//intech.com.gt/sU/files/articulos/1717520908.png
product,//intech.com.gt/sU/files/articulos/1713463281.png
product,//intech.com.gt/sU/files/articulos/1726852209.png
product,//intech.com.gt/sU/files/articulos/1692642425.png
product,//intech.com.gt/sU/files/articulos/1692642022.png
product,//intech.com.gt/sU/files/articulos/1726794126.png
product,//intech.com.gt/sU/files/articulos/1726793885.png
product,http://intech.com.gt/sU/files/articulos/1712956311.png
product,http://intech.com.gt/sU/files/articulos/1712956311.png
product,http://intech.com.gt/sU/files/articulos/1712956311.png
product,http://intech.com.gt/sU/files/articulos/1712956311.png
product,http://intech.com.gt/sU/files/articulos/1725579002.png
product,http://intech.com.gt/sU/files/articulos/1713305199.png
product,http://intech.com.gt/sU/files/articulos/1727997109.png
product,http://intech.com.gt/sU/files/articulos/1713462669.png
product,http://intech.com.gt/sU/files/articulos/1719517326.png
product,http://intech.com.gt/sU/files/articulos/1709666949.jpg
product,http://intech.com.gt/sU/files/articulos/1719515555.png
product,http://intech.com.gt/sU/files/articulos/1727929567.png
product,http://intech.com.gt/sU/files/articulos/1716586377.png
product,http://intech.com.gt/sU/files/articulos/1709669786.jpg
product,http://intech.com.gt/sU/files/articulos/1709664571.jpg
Sin nombre,img/marcas/MSI.png
Sin nombre,img/marcas/MSI.png
Sin nombre,img/marcas/MSI.png
Sin nombre,img/marcas/MSI.png
Sin nombre,img/marcas/MSI.png
Sin nombre,img/marcas/Kingston.png
Sin nombre,img/marcas/Kingston.png
Sin nombre,img/marcas/Kingston.png
Sin nombre,img/marcas/Intel.png
Sin nombre,img/marcas/Intel.png
Sin nombre,img/marcas/Intel.png
Sin nombre,img/marcas/Asus.png
Sin nombre,img/marcas/Asus.png
Sin nombre,img/marcas/Asus.png
Sin nombre,img/marcas/Gigabyte.png
Sin nombre,img/marcas/Gigabyte.png
Sin nombre,img/marcas/Gigabyte.png
Sin nombre,img/marcas/AMD.png
Sin nombre,img/marcas/AMD.png
Sin nombre,img/marcas/AMD.png
contacto,assets/images/Contacto-Website4.png
contacto,assets/images/Contacto-Website4.png
contacto,assets/images/Contacto-Website4.png
contacto,assets/images/Contacto-Website4.png
payment methods,assets/images/payment2.png
payment methods,assets/images/payment2.png
payment methods,assets/images/payment2.png
payment methods,assets/images/payment2.png
payment methods,assets/images/payment2.png
Sin nombre,img/pc4.gif
Sin nombre,img/pc4.gif
